{"cameraMode":{"drawMode":0,"name":"Shaded","section":"Shading Mode"},"sceneLighting":true,"audioPlay":false,"sceneViewState":{"showFog":false,"showMaterialUpdate":false,"showSkybox":true,"showFlares":false,"showImageEffects":false,"showParticleSystems":false},"in2DMode":false,"pivot":{"x":-4.513888359069824,"y":3.560575485229492,"z":-3.3049206733703615},"rotation":{"x":-0.20011748373508454,"y":-0.47495049238204958,"z":0.11185770481824875,"w":-0.8496564626693726},"size":7.071067810058594,"orthographic":false}